[
    {
        "id": "0511757",
        "name": "医療法人東京堂港町歯科クリニック",
        "postalCode": "011-0946",
        "address": "秋田市土崎港中央３丁目５－４０",
        "phone": "018-857-1040",
        "region": "秋田県",
        "type": "歯科診療所"
    },
    {
        "id": "0832081",
        "name": "東京医科大学茨城医療センター",
        "postalCode": "300-0395",
        "address": "稲敷郡阿見町中央３－２０－１",
        "phone": "029-887-1161",
        "region": "茨城県",
        "type": "総合病院"
    },
    {
        "id": "1125354",
        "name": "学校法人　ＳＢＣ東京医療大学附属　上青木整形外科",
        "postalCode": "333-0845",
        "address": "川口市上青木西４－１４－１２",
        "phone": "048-264-3232",
        "region": "埼玉県",
        "type": "整形外科"
    },
    {
        "id": "1165411",
        "name": "医療法人財団　東京勤労者医療会　みさとメンタルクリニック",
        "postalCode": "341-0038",
        "address": "三郷市中央１－１６－１　みさと中央医療福祉ビル３Ｆ",
        "phone": "048-953-6108",
        "region": "埼玉県",
        "type": "精神科診療所"
    },
    {
        "id": "1165925",
        "name": "医療法人財団東京勤労者医療会みさと協立病院",
        "postalCode": "341-0016",
        "address": "三郷市田中新田２７３－１",
        "phone": "048-959-1811",
        "region": "埼玉県",
        "type": "総合病院"
    },
    {
        "id": "1174762",
        "name": "医療法人社団仁岳会西東京歯科医院飯能分院",
        "postalCode": "357-0038",
        "address": "飯能市仲町２－２馬場ビル１Ｆ",
        "phone": "042-974-1033",
        "region": "埼玉県",
        "type": "歯科診療所"
    },
    {
        "id": "1214063",
        "name": "医療法人社団葵会東京ベイ先端医療幕張クリニック",
        "postalCode": "261-0024",
        "address": "千葉市美浜区豊砂１－１７",
        "phone": "043-299-2000",
        "region": "千葉県",
        "type": "診療所"
    },
    {
        "id": "1214349",
        "name": "医療法人社団クリノヴェイション東京ビジネスクリニック千葉エキナカ",
        "postalCode": "260-0031",
        "address": "千葉市中央区新千葉１－１－１ペリエ千葉エキナカ４階",
        "phone": "043-215-8111",
        "region": "千葉県",
        "type": "診療所"
    },
    {
        "id": "1214659",
        "name": "東京ビジネスクリニックファミリアペリエ千葉",
        "postalCode": "260-0031",
        "address": "千葉市中央区新千葉１－１－１ペリエ千葉６階",
        "phone": "043-306-8675",
        "region": "千葉県",
        "type": "診療所"
    },
    {
        "id": "1220021",
        "name": "学校法人東京歯科大学市川総合病院",
        "postalCode": "272-0824",
        "address": "市川市菅野５－１１－１３",
        "phone": "047-322-0151",
        "region": "千葉県",
        "type": "総合病院"
    },
    {
        "id": "1223771",
        "name": "学校法人東京女子医科大学附属八千代医療センター",
        "postalCode": "276-8524",
        "address": "八千代市大和田新田４７７－９６",
        "phone": "047-450-6000",
        "region": "千葉県",
        "type": "総合病院"
    },
    {
        "id": "1223810",
        "name": "医療法人社団保健会東京湾岸リハビリテーション病院",
        "postalCode": "275-0026",
        "address": "習志野市谷津４－１－１",
        "phone": "047-453-9000",
        "region": "千葉県",
        "type": "リハビリテーション病院"
    },
    {
        "id": "1224123",
        "name": "東京ベイ・浦安市川医療センター",
        "postalCode": "279-0001",
        "address": "浦安市当代島３－４－３２",
        "phone": "047-351-3101",
        "region": "千葉県",
        "type": "総合病院"
    },
    {
        "id": "1224646",
        "name": "医療法人社団志友会東京ベイサイドクリニック",
        "postalCode": "273-0012",
        "address": "船橋市浜町２－１－１ららぽーとＴ０ＫＹ０－ＢＡＹ西館３階",
        "phone": "047-495-0013",
        "region": "千葉県",
        "type": "診療所"
    },
    {
        "id": "1225863",
        "name": "学校法人　ＳＢＣ東京医療大学附属高洲整形外科",
        "postalCode": "279-0023",
        "address": "浦安市高洲２－４－１０インシップビル２階",
        "phone": "047-380-5050",
        "region": "千葉県",
        "type": "整形外科"
    },
    {
        "id": "1230476",
        "name": "医療法人社団誠馨会　新東京クリニック",
        "postalCode": "271-0077",
        "address": "松戸市根本４７３－１",
        "phone": "047-366-7000",
        "region": "千葉県",
        "type": "診療所"
    },
    {
        "id": "1230921",
        "name": "医療法人杜団　誠馨会　新東京クリニック松飛台",
        "postalCode": "270-2215",
        "address": "松戸市串崎南町２７番地",
        "phone": "047-384-3111",
        "region": "千葉県",
        "type": "診療所"
    },
    {
        "id": "1231103",
        "name": "（医財）東京勤労者医療会東葛病院",
        "postalCode": "270-0153",
        "address": "流山市中１０２",
        "phone": "04-7159-1011",
        "region": "千葉県",
        "type": "総合病院"
    },
    {
        "id": "1231332",
        "name": "学校法人慈恵大学東京慈恵会医科大学附属柏病院",
        "postalCode": "277-8567",
        "address": "柏市柏下１６３－１",
        "phone": "04-7164-1111",
        "region": "千葉県",
        "type": "総合病院"
    },
    {
        "id": "1231723",
        "name": "医療法人財団東京勤労者医療会野田南部診療所",
        "postalCode": "278-0022",
        "address": "野田市山崎１７３７－２",
        "phone": "04-7121-0171",
        "region": "千葉県",
        "type": "診療所"
    },
    {
        "id": "1231987",
        "name": "医療法人財団東京勤労者医療会東葛病院付属診療所",
        "postalCode": "270-0174",
        "address": "流山市下花輪４０９－６",
        "phone": "04-7158-7710",
        "region": "千葉県",
        "type": "診療所"
    },
    {
        "id": "1232428",
        "name": "医療法人社団誠馨会　新東京ハートクリニック",
        "postalCode": "271-0077",
        "address": "松戸市根本４７４ー１",
        "phone": "047-366-3333",
        "region": "千葉県",
        "type": "専門診療所"
    },
    {
        "id": "1232941",
        "name": "医療法人財団東京勤労者医療会東葛歯科",
        "postalCode": "270-0174",
        "address": "流山市下花輪４０９－６",
        "phone": "04-7159-6775",
        "region": "千葉県",
        "type": "歯科診療所"
    },
    {
        "id": "1233386",
        "name": "医療法人財団東京勤労者医療会新松戸診療所",
        "postalCode": "270-0034",
        "address": "松戸市新松戸４－２",
        "phone": "047-343-9271",
        "region": "千葉県",
        "type": "診療所"
    },
    {
        "id": "1233602",
        "name": "医療法人社団誠馨会　新東京病院",
        "postalCode": "270-2232",
        "address": "松戸市和名ヶ谷１２７１番地",
        "phone": "047-711-8700",
        "region": "千葉県",
        "type": "総合病院"
    },
    {
        "id": "1233963",
        "name": "医療法人財団東京勤労者医療会東葛病院付属流山セントラルパーク駅前診療所",
        "postalCode": "270-0152",
        "address": "流山市前平井１５５",
        "phone": "04-7157-0100",
        "region": "千葉県",
        "type": "診療所"
    },
    {
        "id": "1300016",
        "name": "独立行政法人労働者健康安全機構東京労災病院",
        "postalCode": "143-0013",
        "address": "大田区大森南４－１３－２１",
        "phone": "03-3742-7301",
        "region": "東京都",
        "type": "労災病院"
    },
    {
        "id": "1301021",
        "name": "医療法人社団　ＢＲＡＩＶＥ　東京ホームクリニック",
        "postalCode": "160-0011",
        "address": "新宿区若葉２丁目１２番地２　モンヴェール四ツ谷１０２",
        "phone": "03-5990-2813",
        "region": "東京都",
        "type": "診療所"
    },
    {
        "id": "1301179",
        "name": "東京メディカルテラス",
        "postalCode": "107-0061",
        "address": "港区北青山２－１３－４　青山ＭＹビル４階",
        "phone": "03-6721-1899",
        "region": "東京都",
        "type": "診療所"
    },
    {
        "id": "1310054",
        "name": "東京都神津島村国民健康保険直営診療所",
        "postalCode": "100-0601",
        "address": "東京都神津島村１００９番地１",
        "phone": "04992-8-1121",
        "region": "東京都",
        "type": "公立診療所"
    }
]
